,PtI,ItP
700,[35.53107527  3.96664538  8.53008351],[86.34246722  3.81575853  5.97395139]
